Workbook

Sheet Backlog
A1: Issue Key | B1: Issue Type | C1: Summary | D1: Epic Name | E1: Description | F1: Epic Link | G1: Priority | H1: Assignee | I1: Story Points | J1: Sprint | K1: Labels | L1: Requirements | M1: Acceptance Criteria | N1: Status
A2: CFT-1 | B2: Epic | C2: File Compression | D2: File Compression | E2: Compress a selected file or folder with a supported lossless algorithm, without modifying the original, and report metrics. | G2: High | H2: Jai Jaswanth Tummala | K2: f1 | L2: REQ-001 to REQ-005 | M2: Epic is done when all linked stories are Done. | N2: To Do
A3: CFT-2 | B3: Epic | C3: Huffman Compression Engine | D3: Huffman Compression Engine | E3: Huffman encoding with canonical codes and stored metadata; arbitrary bytes; empty and single-symbol inputs. | G3: High | H3: Jai Jaswanth Tummala | K3: f2 | L3: REQ-006 to REQ-010 | M3: Epic is done when all linked stories are Done. | N3: To Do
A4: CFT-3 | B4: Epic | C4: File Decompression | D4: File Decompression | E4: Restore files and folders from tool-generated archives exactly, rejecting malformed input and protecting existing files. | G4: High | H4: Architha Sidharth Panicker | K4: f3 | L4: REQ-011 to REQ-015 | M4: Epic is done when all linked stories are Done. | N4: To Do
A5: CFT-4 | B5: Epic | C5: Integrity Validation | D5: Integrity Validation | E5: Checksum and header validation so a corrupted archive is never reported as valid. | G5: High | H5: Architha Sidharth Panicker | K5: f4 | L5: REQ-016 to REQ-019 | M5: Epic is done when all linked stories are Done. | N5: To Do
A6: CFT-5 | B6: Epic | C6: Algorithm Comparison | D6: Algorithm Comparison | E6: Compare at least two algorithms on identical input with consistent measurement; report failures separately. | G6: High | H6: Krati Patil | K6: f5 | L6: REQ-020 to REQ-023 | M6: Epic is done when all linked stories are Done. | N6: To Do
A7: CFT-6 | B7: Epic | C7: Statistics and Reporting | D7: Statistics and Reporting | E7: Ratio and space-saved calculation, readable summaries and report export. | G7: High | H7: Krati Patil | K7: f6 | L7: REQ-024 to REQ-027 | M7: Epic is done when all linked stories are Done. | N7: To Do
A8: CFT-7 | B8: Epic | C8: Batch Processing | D8: Batch Processing | E8: Process multiple files or a folder with per-item results and a summary; one failure never stops the batch. | G8: High | H8: Chandana Rajeswari P | K8: f7 | L8: REQ-028 to REQ-032 | M8: Epic is done when all linked stories are Done. | N8: To Do
A9: CFT-8 | B9: Epic | C9: Operation History | D9: Operation History | E9: Local SQLite history of operations; created automatically; viewable in the application. | G9: High | H9: Chandana Rajeswari P | K9: f8 | L9: REQ-033 to REQ-036 | M9: Epic is done when all linked stories are Done. | N9: To Do
A10: CFT-9 | B10: Epic | C10: Desktop Interface | D10: Desktop Interface | E10: Tkinter/ttk screens, background worker, progress and clear error feedback. | G10: High | H10: Architha Sidharth Panicker / all | K10: f9 | L10: SRS 3.1, NFR 6.1 | M10: Epic is done when all linked stories are Done. | N10: To Do
A11: CFT-10 | B11: Epic | C11: Platform, CI, Quality and Documentation | D11: Platform, CI, Quality and Documentation | E11: Repository, CI, test infrastructure, fuzz/performance/cross-platform testing, traceability and documentation. | G11: Medium | H11: All | K11: all | L11: NFR 6.1 to 6.4 | M11: Epic is done when all linked stories are Done. | N11: To Do
A12: CFT-11 | B12: Task | C12: Project skeleton and repository structure | E12: Create src/cft (ui, services, core, infra), tests (unit, integration, system, data), pyproject.toml with Ruff and pytest settings, and a README with setup steps. | F12: CFT-10 | G12: Highest | H12: Jai Jaswanth Tummala | I12: 3 | J12: Sprint 1 | K12: setup | L12: NFR 6.4 | M12: Fresh clone installs and runs `pytest` green on an empty suite; `ruff check` passes; layer folders match the architecture document. | N12: To Do
A13: CFT-12 | B13: Task | C13: GitHub Actions CI: lint and tests on 3 OS x Python 3.12/3.13 | E13: Workflow running Ruff and pytest on ubuntu, windows and macos for Python 3.12 and 3.13; Linux job installs xvfb for GUI tests. | F13: CFT-10 | G13: Highest | H13: Architha Sidharth Panicker | I13: 5 | J13: Sprint 1 | K13: ci | L13: NFR 6.4 | M13: Every push and PR triggers the matrix; failing test turns the run red; run time under 10 minutes for the current suite. | N13: To Do
A14: CFT-13 | B14: Story | C14: CompressionAlgorithm interface and AlgorithmRegistry | E14: As a developer I want one algorithm interface and a registry so that new algorithms plug in without changing the GUI. | F14: CFT-1 | G14: Highest | H14: Jai Jaswanth Tummala | I14: 3 | J14: Sprint 1 | K14: core F1 | L14: REQ-003, REQ-020 | M14: Interface defines build_metadata, compress, decompress, algorithm_id and name; registry registers, lists and gets by name; unknown name raises UnsupportedAlgorithmError; a dummy algorithm can be registered in a test. | N14: To Do
A15: CFT-14 | B15: Story | C15: Archive container: 64-byte header reader and writer | E15: As a developer I want a fixed header (magic, version, algorithm id, sizes, SHA-256, metadata length, CRC32) so that archives can be validated before decoding. | F15: CFT-3 | G15: Highest | H15: Architha Sidharth Panicker | I15: 5 | J15: Sprint 1 | K15: core F3 | L15: REQ-008, REQ-012, REQ-018 | M15: Header round-trips; wrong magic, version, CRC or short header raise ArchiveFormatError; file size must equal 64 + metadata + payload; layout matches Section 6.1 of the architecture. | N15: To Do
A16: CFT-15 | B16: Story | C16: PathValidator: input checks and safe_join | E16: As a user I want invalid inputs rejected clearly so that I know what to fix. | F16: CFT-1 | G16: Highest | H16: Jai Jaswanth Tummala | I16: 3 | J16: Sprint 1 | K16: core F1 security | L16: REQ-001, REQ-002, NFR 6.3 | M16: Existing file/folder accepted; missing, unreadable, special-file and broken-symlink inputs rejected with specific messages; safe_join rejects absolute paths, drive letters, '..' and NUL. | N16: To Do
A17: CFT-16 | B17: Story | C17: SQLite schema and repository bootstrap | E17: As a user I want the history database created automatically so that the app starts on first run. | F17: CFT-8 | G17: High | H17: Chandana Rajeswari P | I17: 3 | J17: Sprint 1 | K17: core F8 | L17: REQ-033, REQ-036 | M17: Missing or empty DB file gets the operation_history table and index; app startup does not fail; schema matches the Field Layouts workbook. | N17: To Do
A18: CFT-17 | B18: Story | C18: Metrics: compression ratio and space saved | E18: As a user I want accurate ratio and space-saved figures so that I can judge compression. | F18: CFT-6 | G18: High | H18: Krati Patil | I18: 2 | J18: Sprint 1 | K18: core F6 | L18: REQ-025, REQ-026 | M18: ratio = compressed/original; saved % = (original-compressed)/original*100; expansion gives ratio above 1 and negative saved %; 0-byte original returns N/A without exceptions. | N18: To Do
A19: CFT-18 | B19: Task | C19: Test fixtures and edge-case data generator | E19: Seeded generators for empty, 1-byte, single-symbol, all-bytes, random, repetitive and nested-folder data, plus corrupt and traversal archive builders. | F19: CFT-10 | G19: High | H19: Krati Patil | I19: 3 | J19: Sprint 1 | K19: testing | L19: NFR 6.4 | M19: Fixtures are deterministic and available to all tests; large files are generated at test time, not committed; data sets match Section 6.2 of the Test Plan. | N19: To Do
A20: CFT-19 | B20: Story | C20: UI shell: main window with navigation | E20: As a user I want a main screen with Compress, Decompress, Compare, Batch, History and Help so that features are easy to find. | F20: CFT-9 | G20: High | H20: Chandana Rajeswari P | I20: 3 | J20: Sprint 1 | K20: ui F9 | L20: SRS 3.1 | M20: Window opens on all three OS; each navigation entry shows its placeholder view; no business logic in view classes. | N20: To Do
A21: CFT-20 | B21: Story | C21: Huffman: chunked frequency counting | E21: As a developer I want symbol frequencies computed from a stream so that large files need little memory. | F21: CFT-2 | G21: High | H21: Jai Jaswanth Tummala | I21: 2 | J21: Sprint 2 | K21: core F2 | L21: REQ-006 | M21: Frequency table for b'aabbbc' is {a:2,b:3,c:1}; chunked and single-pass results are identical for a 5 MB input. | N21: To Do
A22: CFT-21 | B22: Story | C22: Huffman: canonical prefix-free codes with deterministic ties | E22: As a developer I want deterministic prefix-free codes so that output is reproducible. | F22: CFT-2 | G22: Highest | H22: Jai Jaswanth Tummala | I22: 5 | J22: Sprint 2 | K22: core F2 | L22: REQ-007 | M22: No code is a prefix of another (property test); more frequent symbols never get longer codes; same input gives byte-identical output. | N22: To Do
A23: CFT-22 | B23: Story | C23: Huffman: code-length metadata serialisation | E23: As a developer I want the code table stored compactly so that the decoder can rebuild it from the archive alone. | F23: CFT-2 | G23: High | H23: Jai Jaswanth Tummala | I23: 3 | J23: Sprint 2 | K23: core F2 | L23: REQ-008 | M23: 256-byte code-length block written and read back; decoder restores data using only the metadata. | N23: To Do
... A62: CFT-61 | B62: Task | C62: Final report and demo script | E62: Compile final report and rehearse the demonstration. | F62: CFT-10 | G62: High | H62: Krati Patil | I62: 3 | J62: Sprint 4 | K62: docs | L62: All | M62: Report and demo script complete; demo run end to end without errors. | N62: To Do

Sheet Epics
A1: Epic Key | B1: Epic | C1: Feature | D1: Owner | E1: Requirements | F1: Stories and tasks | G1: Story points | H1: Share of total points
A2: CFT-1 | B2: File Compression | C2: F1 | D2: Jai Jaswanth Tummala | E2: REQ-001 to REQ-005 | F2: =COUNTIFS(Backlog!$F$2:$F$62,A2) -> 6 | G2: =SUMIFS(Backlog!$I$2:$I$62,Backlog!$F$2:$F$62,A2) -> 21 | H2: =G2/$G$12 -> 0.1147541
A3: CFT-2 | B3: Huffman Compression Engine | C3: F2 | D3: Jai Jaswanth Tummala | E3: REQ-006 to REQ-010 | F3: =COUNTIFS(Backlog!$F$2:$F$62,A3) -> 5 | G3: =SUMIFS(Backlog!$I$2:$I$62,Backlog!$F$2:$F$62,A3) -> 18 | H3: =G3/$G$12 -> 0.098360656
A4: CFT-3 | B4: File Decompression | C4: F3 | D4: Architha Sidharth Panicker | E4: REQ-011 to REQ-015 | F4: =COUNTIFS(Backlog!$F$2:$F$62,A4) -> 6 | G4: =SUMIFS(Backlog!$I$2:$I$62,Backlog!$F$2:$F$62,A4) -> 25 | H4: =G4/$G$12 -> 0.13661202
A5: CFT-4 | B5: Integrity Validation | C5: F4 | D5: Architha Sidharth Panicker | E5: REQ-016 to REQ-019 | F5: =COUNTIFS(Backlog!$F$2:$F$62,A5) -> 3 | G5: =SUMIFS(Backlog!$I$2:$I$62,Backlog!$F$2:$F$62,A5) -> 11 | H5: =G5/$G$12 -> 0.06010929
A6: CFT-5 | B6: Algorithm Comparison | C6: F5 | D6: Krati Patil | E6: REQ-020 to REQ-023 | F6: =COUNTIFS(Backlog!$F$2:$F$62,A6) -> 4 | G6: =SUMIFS(Backlog!$I$2:$I$62,Backlog!$F$2:$F$62,A6) -> 16 | H6: =G6/$G$12 -> 0.087431694
A7: CFT-6 | B7: Statistics and Reporting | C7: F6 | D7: Krati Patil | E7: REQ-024 to REQ-027 | F7: =COUNTIFS(Backlog!$F$2:$F$62,A7) -> 3 | G7: =SUMIFS(Backlog!$I$2:$I$62,Backlog!$F$2:$F$62,A7) -> 8 | H7: =G7/$G$12 -> 0.043715847
A8: CFT-7 | B8: Batch Processing | C8: F7 | D8: Chandana Rajeswari P | E8: REQ-028 to REQ-032 | F8: =COUNTIFS(Backlog!$F$2:$F$62,A8) -> 2 | G8: =SUMIFS(Backlog!$I$2:$I$62,Backlog!$F$2:$F$62,A8) -> 11 | H8: =G8/$G$12 -> 0.06010929
A9: CFT-8 | B9: Operation History | C9: F8 | D9: Chandana Rajeswari P | E9: REQ-033 to REQ-036 | F9: =COUNTIFS(Backlog!$F$2:$F$62,A9) -> 4 | G9: =SUMIFS(Backlog!$I$2:$I$62,Backlog!$F$2:$F$62,A9) -> 11 | H9: =G9/$G$12 -> 0.06010929
A10: CFT-9 | B10: Desktop Interface | C10: F9 | D10: Architha Sidharth Panicker / all | E10: SRS 3.1, NFR 6.1 | F10: =COUNTIFS(Backlog!$F$2:$F$62,A10) -> 7 | G10: =SUMIFS(Backlog!$I$2:$I$62,Backlog!$F$2:$F$62,A10) -> 25 | H10: =G10/$G$12 -> 0.13661202
A11: CFT-10 | B11: Platform, CI, Quality and Documentation | C11: All | D11: All | E11: NFR 6.1 to 6.4 | F11: =COUNTIFS(Backlog!$F$2:$F$62,A11) -> 11 | G11: =SUMIFS(Backlog!$I$2:$I$62,Backlog!$F$2:$F$62,A11) -> 37 | H11: =G11/$G$12 -> 0.20218579
A12: Total | F12: =SUM(F2:F11) -> 51 | G12: =SUM(G2:G11) -> 183 | H12: =SUM(H2:H11) -> 1

Sheet Sprint Plan
A1: Sprint plan and workload
A3: Sprint | B3: Goal | C3: Stories and tasks | D3: Story points | E3: Share of total | F3: Load vs average
A4: Sprint 1 | B4: Foundation: repo, CI, interfaces, container header, path rules, schema, metrics, fixtures, UI shell. | C4: =COUNTIFS(Backlog!$J$2:$J$62,A4) -> 9 | D4: =SUMIFS(Backlog!$I$2:$I$62,Backlog!$J$2:$J$62,A4) -> 30 | E4: =D4/$D$8 -> 0.16393443 | F4: =D4/AVERAGE($D$4:$D$7) -> 0.6557377
A5: Sprint 2 | B5: Core engines: Huffman, RLE, LZW; compression and decompression services; checksum; history repository. | C5: =COUNTIFS(Backlog!$J$2:$J$62,A5) -> 14 | D5: =SUMIFS(Backlog!$I$2:$I$62,Backlog!$J$2:$J$62,A5) -> 54 | E5: =D5/$D$8 -> 0.29508197 | F5: =D5/AVERAGE($D$4:$D$7) -> 1.1803279
A6: Sprint 3 | B6: Features and UI: integrity rules, comparison, statistics, batch and history services, background worker, Compress/Decompress/Statistics/History screens. | C6: =COUNTIFS(Backlog!$J$2:$J$62,A6) -> 15 | D6: =SUMIFS(Backlog!$I$2:$I$62,Backlog!$J$2:$J$62,A6) -> 59 | E6: =D6/$D$8 -> 0.32240437 | F6: =D6/AVERAGE($D$4:$D$7) -> 1.2896175
A7: Sprint 4 | B7: Hardening and release: Compare and Batch screens, failure handling, fuzz, performance, cross-platform, system tests, RTM, documentation. | C7: =COUNTIFS(Backlog!$J$2:$J$62,A7) -> 13 | D7: =SUMIFS(Backlog!$I$2:$I$62,Backlog!$J$2:$J$62,A7) -> 40 | E7: =D7/$D$8 -> 0.21857923 | F7: =D7/AVERAGE($D$4:$D$7) -> 0.87431694
A8: Total | C8: =SUM(C4:C7) -> 51 | D8: =SUM(D4:D7) -> 183 | E8: =SUM(E4:E7) -> 1
A10: Story points by assignee and sprint
A11: Assignee | B11: Sprint 1 | C11: Sprint 2 | D11: Sprint 3 | E11: Sprint 4 | F11: Total | G11: Share of total
A12: Jai Jaswanth Tummala | B12: =SUMIFS(Backlog!$I$2:$I$62,Backlog!$H$2:$H$62,$A12,Backlog!$J$2:$J$62,B$11) -> 9 | C12: =SUMIFS(Backlog!$I$2:$I$62,Backlog!$H$2:$H$62,$A12,Backlog!$J$2:$J$62,C$11) -> 30 | D12: =SUMIFS(Backlog!$I$2:$I$62,Backlog!$H$2:$H$62,$A12,Backlog!$J$2:$J$62,D$11) -> 5 | E12: =SUMIFS(Backlog!$I$2:$I$62,Backlog!$H$2:$H$62,$A12,Backlog!$J$2:$J$62,E$11) -> 3 | F12: =SUM(B12:E12) -> 47 | G12: =F12/$F$16 -> 0.2568306
A13: Architha Sidharth Panicker | B13: =SUMIFS(Backlog!$I$2:$I$62,Backlog!$H$2:$H$62,$A13,Backlog!$J$2:$J$62,B$11) -> 10 | C13: =SUMIFS(Backlog!$I$2:$I$62,Backlog!$H$2:$H$62,$A13,Backlog!$J$2:$J$62,C$11) -> 13 | D13: =SUMIFS(Backlog!$I$2:$I$62,Backlog!$H$2:$H$62,$A13,Backlog!$J$2:$J$62,D$11) -> 21 | E13: =SUMIFS(Backlog!$I$2:$I$62,Backlog!$H$2:$H$62,$A13,Backlog!$J$2:$J$62,E$11) -> 7 | F13: =SUM(B13:E13) -> 51 | G13: =F13/$F$16 -> 0.27868852
A14: Krati Patil | B14: =SUMIFS(Backlog!$I$2:$I$62,Backlog!$H$2:$H$62,$A14,Backlog!$J$2:$J$62,B$11) -> 5 | C14: =SUMIFS(Backlog!$I$2:$I$62,Backlog!$H$2:$H$62,$A14,Backlog!$J$2:$J$62,C$11) -> 3 | D14: =SUMIFS(Backlog!$I$2:$I$62,Backlog!$H$2:$H$62,$A14,Backlog!$J$2:$J$62,D$11) -> 19 | E14: =SUMIFS(Backlog!$I$2:$I$62,Backlog!$H$2:$H$62,$A14,Backlog!$J$2:$J$62,E$11) -> 16 | F14: =SUM(B14:E14) -> 43 | G14: =F14/$F$16 -> 0.23497268
A15: Chandana Rajeswari P | B15: =SUMIFS(Backlog!$I$2:$I$62,Backlog!$H$2:$H$62,$A15,Backlog!$J$2:$J$62,B$11) -> 6 | C15: =SUMIFS(Backlog!$I$2:$I$62,Backlog!$H$2:$H$62,$A15,Backlog!$J$2:$J$62,C$11) -> 8 | D15: =SUMIFS(Backlog!$I$2:$I$62,Backlog!$H$2:$H$62,$A15,Backlog!$J$2:$J$62,D$11) -> 14 | E15: =SUMIFS(Backlog!$I$2:$I$62,Backlog!$H$2:$H$62,$A15,Backlog!$J$2:$J$62,E$11) -> 14 | F15: =SUM(B15:E15) -> 42 | G15: =F15/$F$16 -> 0.2295082
A16: Total | B16: =SUM(B12:B15) -> 30 | C16: =SUM(C12:C15) -> 54 | D16: =SUM(D12:D15) -> 59 | E16: =SUM(E12:E15) -> 40 | F16: =SUM(F12:F15) -> 183 | G16: =SUM(G12:G15) -> 1
A18: Check: total points by assignee equals total points by sprint | B18: =IF(F16=D8,"OK","MISMATCH") -> OK
A20: Assumptions
A21: Sprint length and calendar dates are not fixed yet; set them in Jira once the course calendar is confirmed.
A22: Story points are relative (Fibonacci scale 1-2-3-5-8). Velocity is unknown: after Sprint 1 compare actual points done with the plan and move stories between Sprint 3 and Sprint 4 if needed.
A23: Sprint 3 was the heaviest sprint, so the Compare and Batch screens (CFT-49, CFT-50) are planned in Sprint 4; they only need the services built in Sprint 3. If velocity is still low, CFT-41 (statistics view) can follow them.
A24: Assignees follow the ownership in the proposal; TaskRunner (CFT-46), RLE (CFT-25), LZW (CFT-26) and the RTM/report tasks are shared to balance load.
A25: Load per person is uneven by sprint: Jai peaks in Sprint 2 (Huffman engine and services), Krati peaks in Sprint 3 and Chandana in Sprints 3-4. Pair on Huffman stories (CFT-21, CFT-23) if Jai falls behind.

Sheet Read Me
A1: Team 22 - Ctrl Freaks | Project 76 - File Compression Tool | Jira Backlog
A3: Purpose | B3: Product backlog for the File Compression Tool: 10 epics (one per feature F1-F9 plus platform/quality) and 51 stories/tasks, estimated, prioritised, assigned and planned over 4 sprints. Every story lists the SRS requirements it satisfies.
A4: Sheets | B4: Backlog = importable issue list. Epics = story counts and points per epic (formulas). Sprint Plan = points per sprint and per member (formulas).
A5: Importing into Jira | B5: 1) Create the project. 2) Import the Backlog sheet as CSV (File > Save as CSV). 3) Map columns: Summary, Issue Type, Description, Priority, Assignee, Labels, Story Points (Story point estimate), Sprint. 4) Epic rows use Epic Name; stories link through Epic Link (company-managed projects) or Parent (team-managed projects). 5) Assignees must be matched to Jira user accounts. Issue Key values here are planning IDs; Jira assigns the real keys on import, so re-link references if they differ.
A6: Workflow | B6: To Do > In Progress > In Review > Ready for Test > Done. Bugs found in testing are logged as GitHub issues linked to the story and the TC/ST ID.
A7: Definition of Ready | B7: Story has a requirement reference, acceptance criteria, an estimate and an assignee; dependencies are Done or in the same sprint.
A8: Definition of Done | B8: Code merged by pull request with one review from the paired member; unit and integration tests for the story written with REQ markers and passing; CI green on all three OS; acceptance criteria demonstrated; documentation updated; no open Critical or High defects on the story.
A9: Estimation | B9: Story points use the Fibonacci scale (1, 2, 3, 5, 8). 8 is the largest item (CFT-43); anything bigger should be split.
A10: Priority | B10: Highest = blocks other work or protects data correctness; High = required feature; Medium = required but not blocking; Low = nice to have.
A11: Traceability | B11: Requirements column links to SRS REQ IDs; test coverage for each REQ is in 22_Project Test Plan (TC and ST IDs); architecture references are in 22_SW Architecture.
